val_loss,val_acc,epoch,step
0.46826088428497314,0.8769999742507935,0,214
0.3295653760433197,0.9049999713897705,1,429
0.2797343134880066,0.9164000153541565,2,644
